old_path,new_path,product_id
products/bodies/bory-mababy-fem-coelho azul.png,public/products/bebe/bodies/body-mbaby-fem-coelho-azul.png,dililu-001
products/bodies/bory-mabay-masc-leaozinho.png,public/products/bebe/bodies/body-mbaby-masc-leaozinho.png,dililu-002
products/bodies/bory-mabay-masc-ostras.png,public/products/bebe/bodies/body-mbaby-masc-ostras.png,dililu-003
products/bodies/bory-mbaby-fem-beleia.png,public/products/bebe/bodies/body-mbaby-fem-baleia.png,dililu-004
products/bodies/bory-mbaby-fem-coelha.png,public/products/bebe/bodies/body-mbaby-fem-coelha.png,dililu-005
products/bodies/bory-mbaby-fem-fundo do mar.png,public/products/bebe/bodies/body-mbaby-fem-fundo-do-mar.png,dililu-006
products/bodies/bory-mbaby-fem-melancia.png,public/products/bebe/bodies/body-mbaby-fem-melancia.png,dililu-007
products/bodies/bory-mbaby-fem-ostras.png,public/products/bebe/bodies/body-mbaby-fem-ostras.png,dililu-008
products/bodies/bory-mbaby-fem-urso rosa.png,public/products/bebe/bodies/body-mbaby-fem-urso-rosa.png,dililu-009
products/bodies/bory-mbaby-fem-urso.png,public/products/bebe/bodies/body-mbaby-fem-urso.png,dililu-010
products/bodies/bory-mbaby-masc-carros.png,public/products/bebe/bodies/body-mbaby-masc-carros.png,dililu-011
products/bodies/bory-mbaby-masc-gato azul.png,public/products/bebe/bodies/body-mbaby-masc-gato-azul.png,dililu-012
products/bodies/bory-mbaby-masc-tartaruga.png,public/products/bebe/bodies/body-mbaby-masc-tartaruga.png,dililu-013
products/bodies/bory-mbaby-masc-transito.png,public/products/bebe/bodies/body-mbaby-masc-transito.png,dililu-014
products/bodies/bory-mbay-masc-girafa.png,public/products/bebe/bodies/body-mbaby-masc-girafa.png,dililu-015
products/Shorts bebe/short-mbaby-fem-circo.png,public/products/bebe/shorts/short-mbaby-fem-circo.png,dililu-016
products/Shorts bebe/short-mbaby-fem-coala.png,public/products/bebe/shorts/short-mbaby-fem-coala.png,dililu-017
products/Shorts bebe/short-mbaby-fem-coelha.png,public/products/bebe/shorts/short-mbaby-fem-coelha.png,dililu-018
products/Shorts bebe/short-mbaby-fem-urso.png,public/products/bebe/shorts/short-mbaby-fem-urso.png,dililu-019
products/Shorts bebe/short-mbaby-masc-carros.png,public/products/bebe/shorts/short-mbaby-masc-carros.png,dililu-020
products/Shorts bebe/short-mbaby-masc-dinossauro.png,public/products/bebe/shorts/short-mbaby-masc-dinossauro.png,dililu-021
products/Shorts bebe/short-mbaby-masc-leao.png,public/products/bebe/shorts/short-mbaby-masc-leao.png,dililu-022
products/Shorts bebe/short-mbaby-masc-zoologico.png,public/products/bebe/shorts/short-mbaby-masc-zoologico.png,dililu-023
products/Short infantil/short-bicicleta.png,public/products/infantil/shorts/short-bicicleta.png,dililu-024
products/Short infantil/short-boneca.png,public/products/infantil/shorts/short-boneca.png,dililu-025
products/Short infantil/short-borboleta.png,public/products/infantil/shorts/short-borboleta.png,dililu-026
products/Short infantil/short-flores.png,public/products/infantil/shorts/short-flores.png,dililu-027
products/Short infantil/short-gatinha.png,public/products/infantil/shorts/short-gatinha.png,dililu-028
products/Short infantil/short-labubu.png,public/products/infantil/shorts/short-labubu.png,dililu-029
products/Short infantil/short-nuvem.png,public/products/infantil/shorts/short-nuvem.png,dililu-030
products/Short infantil/short-rosa.png,public/products/infantil/shorts/short-rosa.png,dililu-031
products/Short infantil/short-roxo.png,public/products/infantil/shorts/short-roxo.png,dililu-032
products/Short infantil/short-stich.jpeg,public/products/infantil/shorts/short-stich.jpeg,dililu-033
products/vestidos/vestido-bailarina.png,public/products/infantil/vestidos/vestido-bailarina.png,dililu-034
products/vestidos/vestido-borboleta azul.png,public/products/infantil/vestidos/vestido-borboleta-azul.png,dililu-035
products/vestidos/vestido-borboleta.png,public/products/infantil/vestidos/vestido-borboleta.png,dililu-036
products/vestidos/vestido-flores vermelhas.png,public/products/infantil/vestidos/vestido-flores-vermelhas.png,dililu-037
products/vestidos/vestido-flores.png,public/products/infantil/vestidos/vestido-flores.png,dililu-038
products/vestidos/vestido-princesa azul.png,public/products/infantil/vestidos/vestido-princesa-azul.png,dililu-039
products/vestidos/vestido-ursinho.png,public/products/infantil/vestidos/vestido-ursinho.png,dililu-040
products/conjuntos/8kXXq.jpg,public/products/infantil/conjuntos/masculino/conjunto-masc-azul-cinza.jpg,dililu-041
products/conjuntos/conjunto-fem-azul 2.png,public/products/infantil/conjuntos/feminino/conjunto-fem-azul-2.png,dililu-042
products/conjuntos/conjunto-fem-azul 3.png,public/products/infantil/conjuntos/feminino/conjunto-fem-azul-3.png,dililu-043
products/conjuntos/conjunto-fem-azul claro.png,public/products/infantil/conjuntos/feminino/conjunto-fem-azul-claro.png,dililu-044
products/conjuntos/conjunto-fem-azul.png,public/products/infantil/conjuntos/feminino/conjunto-fem-azul.png,dililu-045
products/conjuntos/conjunto-fem-barby preto.jpg,public/products/infantil/conjuntos/feminino/conjunto-fem-barby-preto.jpg,dililu-046
products/conjuntos/conjunto-fem-barby rosa 2.jpg,public/products/infantil/conjuntos/feminino/conjunto-fem-barby-rosa-2.jpg,dililu-047
products/conjuntos/conjunto-fem-barby rosa.jpg,public/products/infantil/conjuntos/feminino/conjunto-fem-barby-rosa.jpg,dililu-048
products/conjuntos/Conjunto-fem-capivara rosa.png,public/products/infantil/conjuntos/feminino/conjunto-fem-capivara-rosa.png,dililu-049
products/conjuntos/Conjunto-fem-capivara roxo.png,public/products/infantil/conjuntos/feminino/conjunto-fem-capivara-roxo.png,dililu-050
products/conjuntos/conjunto-fem-disney.jpg,public/products/infantil/conjuntos/feminino/conjunto-fem-disney.jpg,dililu-051
products/conjuntos/Conjunto-fem-emily vic-azul.png,public/products/infantil/conjuntos/feminino/conjunto-fem-emily-vic-azul.png,dililu-052
products/conjuntos/Conjunto-fem-emily vic-bege 2.png,public/products/infantil/conjuntos/feminino/conjunto-fem-emily-vic-bege-2.png,dililu-053
products/conjuntos/Conjunto-fem-emily vic-bege.png,public/products/infantil/conjuntos/feminino/conjunto-fem-emily-vic-bege.png,dililu-054
products/conjuntos/Conjunto-fem-emily vic-rosa claro 2.png,public/products/infantil/conjuntos/feminino/conjunto-fem-emily-vic-rosa-claro-2.png,dililu-055
products/conjuntos/Conjunto-fem-emily vic-rosa claro.png,public/products/infantil/conjuntos/feminino/conjunto-fem-emily-vic-rosa-claro.png,dililu-056
products/conjuntos/Conjunto-fem-emily vic-rosa escuro.png,public/products/infantil/conjuntos/feminino/conjunto-fem-emily-vic-rosa-escuro.png,dililu-057
products/conjuntos/Conjunto-fem-emily vic-verde.png,public/products/infantil/conjuntos/feminino/conjunto-fem-emily-vic-verde.png,dililu-058
products/conjuntos/conjunto-fem-gatinha.png,public/products/infantil/conjuntos/feminino/conjunto-fem-gatinha.png,dililu-059
products/conjuntos/conjunto-fem-hellokit azul.png,public/products/infantil/conjuntos/feminino/conjunto-fem-hellokit-azul.png,dililu-060
products/conjuntos/conjunto-fem-hellokit preto.png,public/products/infantil/conjuntos/feminino/conjunto-fem-hellokit-preto.png,dililu-061
products/conjuntos/Conjunto-fem-Minnie azul.jpg,public/products/infantil/conjuntos/feminino/conjunto-fem-minnie-azul.jpg,dililu-062
products/conjuntos/Conjunto-fem-Minnie rosa.jpg,public/products/infantil/conjuntos/feminino/conjunto-fem-minnie-rosa.jpg,dililu-063
products/conjuntos/conjunto-fem-monica.jpg,public/products/infantil/conjuntos/feminino/conjunto-fem-monica.jpg,dililu-064
products/conjuntos/conjunto-fem-preto.png,public/products/infantil/conjuntos/feminino/conjunto-fem-preto.png,dililu-065
products/conjuntos/Conjunto-fem-urso azul escuro.png,public/products/infantil/conjuntos/feminino/conjunto-fem-urso-azul-escuro.png,dililu-066
products/conjuntos/Conjunto-fem-urso rosa 2.png,public/products/infantil/conjuntos/feminino/conjunto-fem-urso-rosa-2.png,dililu-067
products/conjuntos/Conjunto-fem-urso rosa.png,public/products/infantil/conjuntos/feminino/conjunto-fem-urso-rosa.png,dililu-068
products/conjuntos/conjunto-fem-verde.png,public/products/infantil/conjuntos/feminino/conjunto-fem-verde.png,dililu-069
products/conjuntos/conjunto-fem-vermelho 2.png,public/products/infantil/conjuntos/feminino/conjunto-fem-vermelho-2.png,dililu-070
products/conjuntos/conjunto-fem-vermelho.png,public/products/infantil/conjuntos/feminino/conjunto-fem-vermelho.png,dililu-071
products/conjuntos/conjunto-masc-adidas azul.png,public/products/infantil/conjuntos/masculino/conjunto-masc-adidas-azul.png,dililu-072
products/conjuntos/conjunto-masc-adidas branco.png,public/products/infantil/conjuntos/masculino/conjunto-masc-adidas-branco.png,dililu-073
products/conjuntos/conjunto-masc-batman vermelho.jpg,public/products/infantil/conjuntos/masculino/conjunto-masc-batman-vermelho.jpg,dililu-074
products/conjuntos/conjunto-masc-batman.jpg,public/products/infantil/conjuntos/masculino/conjunto-masc-batman.jpg,dililu-075
products/conjuntos/conjunto-masc-hulk.jpg,public/products/infantil/conjuntos/masculino/conjunto-masc-hulk.jpg,dililu-076
products/conjuntos/conjunto-masc-mickey.jpg,public/products/infantil/conjuntos/masculino/conjunto-masc-mickey.jpg,dililu-077
products/conjuntos/conjunto-masc-pateta.jpg,public/products/infantil/conjuntos/masculino/conjunto-masc-pateta.jpg,dililu-078
products/conjuntos/conjunto-masc-roblox.jpg,public/products/infantil/conjuntos/masculino/conjunto-masc-roblox.jpg,dililu-079
products/conjuntos/conjuto-masc-sonic azul.png,public/products/infantil/conjuntos/masculino/conjunto-masc-sonic-azul.png,dililu-080
